Day of simulation;Date;Treatment;Measurement type;Unit;Depth;Value;Variance
0;15.03.1995;CT;Microbial C;kg C ha-1;0 - 15 cm;337.7775;2200.556907
28;12.04.1995;CT;Microbial C;kg C ha-1;0 - 15 cm;41.76;2200.556907
55;09.05.1995;CT;Microbial C;kg C ha-1;0 - 15 cm;78.735;2200.556907
182;13.09.1995;CT;Microbial C;kg C ha-1;0 - 15 cm;215.1075;2200.556907
396;14.04.1996;CT;Microbial C;kg C ha-1;0 - 15 cm;69.02037131;2200.556907
410;28.04.1996;CT;Microbial C;kg C ha-1;0 - 15 cm;96.3607551;2200.556907
438;26.05.1996;CT;Microbial C;kg C ha-1;0 - 15 cm;97.2910583;2200.556907
494;21.07.1996;CT;Microbial C;kg C ha-1;0 - 15 cm;155.5893677;2200.556907
564;29.09.1996;CT;Microbial C;kg C ha-1;0 - 15 cm;60.12732394;2200.556907
756;09.04.1997;CT;Microbial C;kg C ha-1;0 - 15 cm;73.97712348;2200.556907
773;26.04.1997;CT;Microbial C;kg C ha-1;0 - 15 cm;205.7606444;2200.556907
786;09.05.1997;CT;Microbial C;kg C ha-1;0 - 15 cm;87.62988874;2200.556907
817;09.06.1997;CT;Microbial C;kg C ha-1;0 - 15 cm;139.4354866;2200.556907
873;04.08.1997;CT;Microbial C;kg C ha-1;0 - 15 cm;217.134259;2200.556907
943;13.10.1997;CT;Microbial C;kg C ha-1;0 - 15 cm;62.35203764;2200.556907
1491;14.04.1999;CT;Microbial C;kg C ha-1;0 - 15 cm;156.971925;2200.556907
1519;12.05.1999;CT;Microbial C;kg C ha-1;0 - 15 cm;141.4968;2200.556907
1547;09.06.1999;CT;Microbial C;kg C ha-1;0 - 15 cm;74.96355;2200.556907
1603;04.08.1999;CT;Microbial C;kg C ha-1;0 - 15 cm;207.3413;2200.556907
1673;13.10.1999;CT;Microbial C;kg C ha-1;0 - 15 cm;236.65595;2200.556907
3323;19.04.2004;CT;Microbial C;kg C ha-1;0 - 15 cm;87.5365;2200.556907
3337;03.05.2004;CT;Microbial C;kg C ha-1;0 - 15 cm;83.23725;2200.556907
3351;17.05.2004;CT;Microbial C;kg C ha-1;0 - 15 cm;109.0835;2200.556907
3378;13.06.2004;CT;Microbial C;kg C ha-1;0 - 15 cm;47.39325;2200.556907
3435;09.08.2004;CT;Microbial C;kg C ha-1;0 - 15 cm;94.08325;2200.556907
3504;17.10.2004;CT;Microbial C;kg C ha-1;0 - 15 cm;169.9255;2200.556907
4414;15.04.2007;CT;Microbial C;kg C ha-1;0 - 15 cm;117.5015645;2200.556907
4421;22.04.2007;CT;Microbial C;kg C ha-1;0 - 15 cm;151.8794363;2200.556907
4428;29.04.2007;CT;Microbial C;kg C ha-1;0 - 15 cm;113.0288499;2200.556907
4442;13.05.2007;CT;Microbial C;kg C ha-1;0 - 15 cm;87.66323521;2200.556907
4470;10.06.2007;CT;Microbial C;kg C ha-1;0 - 15 cm;103.5436652;2200.556907
4526;05.08.2007;CT;Microbial C;kg C ha-1;0 - 15 cm;123.9167861;2200.556907
4595;13.10.2007;CT;Microbial C;kg C ha-1;0 - 15 cm;133.8355748;2200.556907
6240;14.04.2012;CT;Microbial C;kg C ha-1;0 - 15 cm;76.02844962;2200.556907
6247;21.04.2012;CT;Microbial C;kg C ha-1;0 - 15 cm;60.66789768;2200.556907
6254;28.04.2012;CT;Microbial C;kg C ha-1;0 - 15 cm;90.95910516;2200.556907
6296;09.06.2012;CT;Microbial C;kg C ha-1;0 - 15 cm;151.7607794;2200.556907
6352;04.08.2012;CT;Microbial C;kg C ha-1;0 - 15 cm;55.37150817;2200.556907
6422;13.10.2012;CT;Microbial C;kg C ha-1;0 - 15 cm;123.2530685;2200.556907
6513;12.01.2013;CT;Microbial C;kg C ha-1;0 - 15 cm;60.14393493;2200.556907
0;15.03.1995;DP;Microbial C;kg C ha-1;0 - 15 cm;337.7775;2200.556907
14;29.03.1995;DP;Microbial C;kg C ha-1;0 - 15 cm;174.2175;2200.556907
28;12.04.1995;DP;Microbial C;kg C ha-1;0 - 15 cm;71.1225;2200.556907
55;09.05.1995;DP;Microbial C;kg C ha-1;0 - 15 cm;233.3775;2200.556907
111;04.07.1995;DP;Microbial C;kg C ha-1;0 - 15 cm;121.365;2200.556907
182;13.09.1995;DP;Microbial C;kg C ha-1;0 - 15 cm;175.0875;2200.556907
396;14.04.1996;DP;Microbial C;kg C ha-1;0 - 15 cm;94.46921416;2200.556907
410;28.04.1996;DP;Microbial C;kg C ha-1;0 - 15 cm;107.1790111;2200.556907
438;26.05.1996;DP;Microbial C;kg C ha-1;0 - 15 cm;84.23596931;2200.556907
494;21.07.1996;DP;Microbial C;kg C ha-1;0 - 15 cm;227.7560467;2200.556907
564;29.09.1996;DP;Microbial C;kg C ha-1;0 - 15 cm;59.11855998;2200.556907
756;09.04.1997;DP;Microbial C;kg C ha-1;0 - 15 cm;109.6117479;2200.556907
773;26.04.1997;DP;Microbial C;kg C ha-1;0 - 15 cm;249.8008696;2200.556907
786;09.05.1997;DP;Microbial C;kg C ha-1;0 - 15 cm;73.89398069;2200.556907
873;04.08.1997;DP;Microbial C;kg C ha-1;0 - 15 cm;205.0966724;2200.556907
943;13.10.1997;DP;Microbial C;kg C ha-1;0 - 15 cm;100.0836879;2200.556907
1121;09.04.1998;DP;Microbial C;kg C ha-1;0 - 15 cm;133.17525;2200.556907
1308;13.10.1998;DP;Microbial C;kg C ha-1;0 - 15 cm;217.123;2200.556907
1491;14.04.1999;DP;Microbial C;kg C ha-1;0 - 15 cm;173.2072125;2200.556907
1519;12.05.1999;DP;Microbial C;kg C ha-1;0 - 15 cm;177.783775;2200.556907
1547;09.06.1999;DP;Microbial C;kg C ha-1;0 - 15 cm;144.4258;2200.556907
1603;04.08.1999;DP;Microbial C;kg C ha-1;0 - 15 cm;144.964475;2200.556907
1673;13.10.1999;DP;Microbial C;kg C ha-1;0 - 15 cm;130.91325;2200.556907
3323;19.04.2004;DP;Microbial C;kg C ha-1;0 - 15 cm;153.73625;2200.556907
3337;03.05.2004;DP;Microbial C;kg C ha-1;0 - 15 cm;119.0885;2200.556907
3351;17.05.2004;DP;Microbial C;kg C ha-1;0 - 15 cm;145.5945;2200.556907
3378;13.06.2004;DP;Microbial C;kg C ha-1;0 - 15 cm;78.00275;2200.556907
3435;09.08.2004;DP;Microbial C;kg C ha-1;0 - 15 cm;171.999;2200.556907
3504;17.10.2004;DP;Microbial C;kg C ha-1;0 - 15 cm;123.43125;2200.556907
4414;15.04.2007;DP;Microbial C;kg C ha-1;0 - 15 cm;241.3304556;2200.556907
4421;22.04.2007;DP;Microbial C;kg C ha-1;0 - 15 cm;230.1171193;2200.556907
4428;29.04.2007;DP;Microbial C;kg C ha-1;0 - 15 cm;266.7790772;2200.556907
4442;13.05.2007;DP;Microbial C;kg C ha-1;0 - 15 cm;180.9811582;2200.556907
4470;10.06.2007;DP;Microbial C;kg C ha-1;0 - 15 cm;201.5813425;2200.556907
4526;05.08.2007;DP;Microbial C;kg C ha-1;0 - 15 cm;212.2368211;2200.556907
4595;13.10.2007;DP;Microbial C;kg C ha-1;0 - 15 cm;341.9701992;2200.556907
6240;14.04.2012;DP;Microbial C;kg C ha-1;0 - 15 cm;126.8653317;2200.556907
6247;21.04.2012;DP;Microbial C;kg C ha-1;0 - 15 cm;74.48407844;2200.556907
6254;28.04.2012;DP;Microbial C;kg C ha-1;0 - 15 cm;197.7470455;2200.556907
6268;12.05.2012;DP;Microbial C;kg C ha-1;0 - 15 cm;64.30777557;2200.556907
6296;09.06.2012;DP;Microbial C;kg C ha-1;0 - 15 cm;231.4208924;2200.556907
6352;04.08.2012;DP;Microbial C;kg C ha-1;0 - 15 cm;205.7229896;2200.556907
6422;13.10.2012;DP;Microbial C;kg C ha-1;0 - 15 cm;241.8497708;2200.556907
6513;12.01.2013;DP;Microbial C;kg C ha-1;0 - 15 cm;236.9975394;2200.556907
0;15.03.1995;GN;Microbial C;kg C ha-1;0 - 15 cm;337.7775;2200.556907
14;29.03.1995;GN;Microbial C;kg C ha-1;0 - 15 cm;110.7075;2200.556907
28;12.04.1995;GN;Microbial C;kg C ha-1;0 - 15 cm;130.2825;2200.556907
55;09.05.1995;GN;Microbial C;kg C ha-1;0 - 15 cm;161.1675;2200.556907
111;04.07.1995;GN;Microbial C;kg C ha-1;0 - 15 cm;87.435;2200.556907
182;13.09.1995;GN;Microbial C;kg C ha-1;0 - 15 cm;302.1075;2200.556907
396;14.04.1996;GN;Microbial C;kg C ha-1;0 - 15 cm;66.52280208;2200.556907
410;28.04.1996;GN;Microbial C;kg C ha-1;0 - 15 cm;207.338312;2200.556907
438;26.05.1996;GN;Microbial C;kg C ha-1;0 - 15 cm;116.3963493;2200.556907
494;21.07.1996;GN;Microbial C;kg C ha-1;0 - 15 cm;101.922468;2200.556907
564;29.09.1996;GN;Microbial C;kg C ha-1;0 - 15 cm;120.187159;2200.556907
756;09.04.1997;GN;Microbial C;kg C ha-1;0 - 15 cm;160.7198611;2200.556907
773;26.04.1997;GN;Microbial C;kg C ha-1;0 - 15 cm;233.8504662;2200.556907
786;09.05.1997;GN;Microbial C;kg C ha-1;0 - 15 cm;85.06939026;2200.556907
873;04.08.1997;GN;Microbial C;kg C ha-1;0 - 15 cm;265.8260465;2200.556907
943;13.10.1997;GN;Microbial C;kg C ha-1;0 - 15 cm;189.0516588;2200.556907
1121;09.04.1998;GN;Microbial C;kg C ha-1;0 - 15 cm;284.88875;2200.556907
1491;14.04.1999;GN;Microbial C;kg C ha-1;0 - 15 cm;164.3201625;2200.556907
1519;12.05.1999;GN;Microbial C;kg C ha-1;0 - 15 cm;204.726225;2200.556907
1547;09.06.1999;GN;Microbial C;kg C ha-1;0 - 15 cm;265.286925;2200.556907
1603;04.08.1999;GN;Microbial C;kg C ha-1;0 - 15 cm;75.081725;2200.556907
1673;13.10.1999;GN;Microbial C;kg C ha-1;0 - 15 cm;179.4201;2200.556907
3323;19.04.2004;GN;Microbial C;kg C ha-1;0 - 15 cm;152.83;2200.556907
3337;03.05.2004;GN;Microbial C;kg C ha-1;0 - 15 cm;228.01975;2200.556907
3351;17.05.2004;GN;Microbial C;kg C ha-1;0 - 15 cm;249.62475;2200.556907
3378;13.06.2004;GN;Microbial C;kg C ha-1;0 - 15 cm;59.22525;2200.556907
3435;09.08.2004;GN;Microbial C;kg C ha-1;0 - 15 cm;159.6595;2200.556907
3504;17.10.2004;GN;Microbial C;kg C ha-1;0 - 15 cm;119.4945;2200.556907
4414;15.04.2007;GN;Microbial C;kg C ha-1;0 - 15 cm;189.6767791;2200.556907
4421;22.04.2007;GN;Microbial C;kg C ha-1;0 - 15 cm;405.5707045;2200.556907
4428;29.04.2007;GN;Microbial C;kg C ha-1;0 - 15 cm;395.5870479;2200.556907
4442;13.05.2007;GN;Microbial C;kg C ha-1;0 - 15 cm;263.8841853;2200.556907
4470;10.06.2007;GN;Microbial C;kg C ha-1;0 - 15 cm;230.3878333;2200.556907
4526;05.08.2007;GN;Microbial C;kg C ha-1;0 - 15 cm;196.5289444;2200.556907
4595;13.10.2007;GN;Microbial C;kg C ha-1;0 - 15 cm;344.3557248;2200.556907
6240;14.04.2012;GN;Microbial C;kg C ha-1;0 - 15 cm;157.9076498;2200.556907
6247;21.04.2012;GN;Microbial C;kg C ha-1;0 - 15 cm;317.8562415;2200.556907
6254;28.04.2012;GN;Microbial C;kg C ha-1;0 - 15 cm;213.2020304;2200.556907
6268;12.05.2012;GN;Microbial C;kg C ha-1;0 - 15 cm;422.0326012;2200.556907
6296;09.06.2012;GN;Microbial C;kg C ha-1;0 - 15 cm;293.725603;2200.556907
6352;04.08.2012;GN;Microbial C;kg C ha-1;0 - 15 cm;292.1365999;2200.556907
6422;13.10.2012;GN;Microbial C;kg C ha-1;0 - 15 cm;369.5000415;2200.556907
6513;12.01.2013;GN;Microbial C;kg C ha-1;0 - 15 cm;488.801063;2200.556907
0;15.03.1995;RS;Microbial C;kg C ha-1;0 - 15 cm;337.7775;2200.556907
14;29.03.1995;RS;Microbial C;kg C ha-1;0 - 15 cm;218.805;2200.556907
28;12.04.1995;RS;Microbial C;kg C ha-1;0 - 15 cm;229.68;2200.556907
55;09.05.1995;RS;Microbial C;kg C ha-1;0 - 15 cm;303.195;2200.556907
111;04.07.1995;RS;Microbial C;kg C ha-1;0 - 15 cm;105.9225;2200.556907
182;13.09.1995;RS;Microbial C;kg C ha-1;0 - 15 cm;186.8325;2200.556907
396;14.04.1996;RS;Microbial C;kg C ha-1;0 - 15 cm;81.57013187;2200.556907
410;28.04.1996;RS;Microbial C;kg C ha-1;0 - 15 cm;243.4335682;2200.556907
438;26.05.1996;RS;Microbial C;kg C ha-1;0 - 15 cm;185.464898;2200.556907
494;21.07.1996;RS;Microbial C;kg C ha-1;0 - 15 cm;118.6746521;2200.556907
564;29.09.1996;RS;Microbial C;kg C ha-1;0 - 15 cm;74.15108068;2200.556907
756;09.04.1997;RS;Microbial C;kg C ha-1;0 - 15 cm;134.1457464;2200.556907
786;09.05.1997;RS;Microbial C;kg C ha-1;0 - 15 cm;271.2201561;2200.556907
873;04.08.1997;RS;Microbial C;kg C ha-1;0 - 15 cm;133.9076305;2200.556907
943;13.10.1997;RS;Microbial C;kg C ha-1;0 - 15 cm;90.7378675;2200.556907
1491;14.04.1999;RS;Microbial C;kg C ha-1;0 - 15 cm;135.126225;2200.556907
1519;12.05.1999;RS;Microbial C;kg C ha-1;0 - 15 cm;316.218175;2200.556907
1547;09.06.1999;RS;Microbial C;kg C ha-1;0 - 15 cm;165.455875;2200.556907
1603;04.08.1999;RS;Microbial C;kg C ha-1;0 - 15 cm;139.8496;2200.556907
1673;13.10.1999;RS;Microbial C;kg C ha-1;0 - 15 cm;184.58065;2200.556907
3323;19.04.2004;RS;Microbial C;kg C ha-1;0 - 15 cm;136.706;2200.556907
3337;03.05.2004;RS;Microbial C;kg C ha-1;0 - 15 cm;59.247;2200.556907
3351;17.05.2004;RS;Microbial C;kg C ha-1;0 - 15 cm;184.18625;2200.556907
3378;13.06.2004;RS;Microbial C;kg C ha-1;0 - 15 cm;59.0875;2200.556907
3435;09.08.2004;RS;Microbial C;kg C ha-1;0 - 15 cm;126.382;2200.556907
3504;17.10.2004;RS;Microbial C;kg C ha-1;0 - 15 cm;172.434;2200.556907
4414;15.04.2007;RS;Microbial C;kg C ha-1;0 - 15 cm;196.3915103;2200.556907
4421;22.04.2007;RS;Microbial C;kg C ha-1;0 - 15 cm;330.6212805;2200.556907
4428;29.04.2007;RS;Microbial C;kg C ha-1;0 - 15 cm;364.6470507;2200.556907
4442;13.05.2007;RS;Microbial C;kg C ha-1;0 - 15 cm;220.0208581;2200.556907
4470;10.06.2007;RS;Microbial C;kg C ha-1;0 - 15 cm;217.6179393;2200.556907
4526;05.08.2007;RS;Microbial C;kg C ha-1;0 - 15 cm;243.4780451;2200.556907
4595;13.10.2007;RS;Microbial C;kg C ha-1;0 - 15 cm;336.8273463;2200.556907
6240;14.04.2012;RS;Microbial C;kg C ha-1;0 - 15 cm;129.7184714;2200.556907
6247;21.04.2012;RS;Microbial C;kg C ha-1;0 - 15 cm;82.18270225;2200.556907
6254;28.04.2012;RS;Microbial C;kg C ha-1;0 - 15 cm;252.2085126;2200.556907
6268;12.05.2012;RS;Microbial C;kg C ha-1;0 - 15 cm;334.6059318;2200.556907
6296;09.06.2012;RS;Microbial C;kg C ha-1;0 - 15 cm;168.2760209;2200.556907
6352;04.08.2012;RS;Microbial C;kg C ha-1;0 - 15 cm;230.8948271;2200.556907
6422;13.10.2012;RS;Microbial C;kg C ha-1;0 - 15 cm;284.6256532;2200.556907
6513;12.01.2013;RS;Microbial C;kg C ha-1;0 - 15 cm;312.9441387;2200.556907
0;15.03.1995;TM;Microbial C;kg C ha-1;0 - 15 cm;337.7775;2200.556907
14;29.03.1995;TM;Microbial C;kg C ha-1;0 - 15 cm;259.4775;2200.556907
28;12.04.1995;TM;Microbial C;kg C ha-1;0 - 15 cm;235.335;2200.556907
55;09.05.1995;TM;Microbial C;kg C ha-1;0 - 15 cm;209.67;2200.556907
111;04.07.1995;TM;Microbial C;kg C ha-1;0 - 15 cm;107.6625;2200.556907
182;13.09.1995;TM;Microbial C;kg C ha-1;0 - 15 cm;240.3375;2200.556907
396;14.04.1996;TM;Microbial C;kg C ha-1;0 - 15 cm;68.66116162;2200.556907
410;28.04.1996;TM;Microbial C;kg C ha-1;0 - 15 cm;242.7551325;2200.556907
438;26.05.1996;TM;Microbial C;kg C ha-1;0 - 15 cm;208.5771813;2200.556907
494;21.07.1996;TM;Microbial C;kg C ha-1;0 - 15 cm;116.2274168;2200.556907
756;09.04.1997;TM;Microbial C;kg C ha-1;0 - 15 cm;219.8272397;2200.556907
773;26.04.1997;TM;Microbial C;kg C ha-1;0 - 15 cm;153.1355478;2200.556907
786;09.05.1997;TM;Microbial C;kg C ha-1;0 - 15 cm;37.60278495;2200.556907
817;09.06.1997;TM;Microbial C;kg C ha-1;0 - 15 cm;172.8150455;2200.556907
873;04.08.1997;TM;Microbial C;kg C ha-1;0 - 15 cm;171.6721151;2200.556907
943;13.10.1997;TM;Microbial C;kg C ha-1;0 - 15 cm;185.3949814;2200.556907
1121;09.04.1998;TM;Microbial C;kg C ha-1;0 - 15 cm;335.01525;2200.556907
1308;13.10.1998;TM;Microbial C;kg C ha-1;0 - 15 cm;216.95625;2200.556907
1491;14.04.1999;TM;Microbial C;kg C ha-1;0 - 15 cm;127.8976125;2200.556907
1519;12.05.1999;TM;Microbial C;kg C ha-1;0 - 15 cm;567.600325;2200.556907
1547;09.06.1999;TM;Microbial C;kg C ha-1;0 - 15 cm;99.49175;2200.556907
1603;04.08.1999;TM;Microbial C;kg C ha-1;0 - 15 cm;415.356125;2200.556907
1673;13.10.1999;TM;Microbial C;kg C ha-1;0 - 15 cm;154.628;2200.556907
3323;19.04.2004;TM;Microbial C;kg C ha-1;0 - 15 cm;188.39125;2200.556907
3337;03.05.2004;TM;Microbial C;kg C ha-1;0 - 15 cm;157.2525;2200.556907
3351;17.05.2004;TM;Microbial C;kg C ha-1;0 - 15 cm;329.47625;2200.556907
3378;13.06.2004;TM;Microbial C;kg C ha-1;0 - 15 cm;120.45875;2200.556907
3435;09.08.2004;TM;Microbial C;kg C ha-1;0 - 15 cm;167.562;2200.556907
3504;17.10.2004;TM;Microbial C;kg C ha-1;0 - 15 cm;123.4095;2200.556907
4414;15.04.2007;TM;Microbial C;kg C ha-1;0 - 15 cm;203.3683904;2200.556907
4421;22.04.2007;TM;Microbial C;kg C ha-1;0 - 15 cm;331.4325903;2200.556907
4428;29.04.2007;TM;Microbial C;kg C ha-1;0 - 15 cm;387.1512107;2200.556907
4442;13.05.2007;TM;Microbial C;kg C ha-1;0 - 15 cm;349.6279703;2200.556907
4470;10.06.2007;TM;Microbial C;kg C ha-1;0 - 15 cm;281.5909743;2200.556907
4526;05.08.2007;TM;Microbial C;kg C ha-1;0 - 15 cm;352.8505186;2200.556907
4595;13.10.2007;TM;Microbial C;kg C ha-1;0 - 15 cm;384.6703719;2200.556907
6240;14.04.2012;TM;Microbial C;kg C ha-1;0 - 15 cm;198.5812758;2200.556907
6247;21.04.2012;TM;Microbial C;kg C ha-1;0 - 15 cm;127.9061023;2200.556907
6254;28.04.2012;TM;Microbial C;kg C ha-1;0 - 15 cm;153.5785571;2200.556907
6268;12.05.2012;TM;Microbial C;kg C ha-1;0 - 15 cm;213.8217755;2200.556907
6296;09.06.2012;TM;Microbial C;kg C ha-1;0 - 15 cm;264.9073128;2200.556907
6352;04.08.2012;TM;Microbial C;kg C ha-1;0 - 15 cm;350.99394;2200.556907
6422;13.10.2012;TM;Microbial C;kg C ha-1;0 - 15 cm;321.09525;2200.556907
6513;12.01.2013;TM;Microbial C;kg C ha-1;0 - 15 cm;396.1748488;2200.556907
8796;14.04.2019;CT;Microbial C;kg C ha-1;0 - 15 cm;152.0117152;2200.556907
8810;28.04.2019;CT;Microbial C;kg C ha-1;0 - 15 cm;64.86131495;2200.556907
8824;12.05.2019;CT;Microbial C;kg C ha-1;0 - 15 cm;168.900008;2200.556907
8852;09.06.2019;CT;Microbial C;kg C ha-1;0 - 15 cm;215.3909631;2200.556907
8908;04.08.2019;CT;Microbial C;kg C ha-1;0 - 15 cm;177.5997223;2200.556907
9006;10.11.2019;CT;Microbial C;kg C ha-1;0 - 15 cm;149.6385153;2200.556907
8796;14.04.2019;DP;Microbial C;kg C ha-1;0 - 15 cm;56.56657612;2200.556907
8810;28.04.2019;DP;Microbial C;kg C ha-1;0 - 15 cm;164.4122069;2200.556907
8824;12.05.2019;DP;Microbial C;kg C ha-1;0 - 15 cm;239.0563261;2200.556907
8852;09.06.2019;DP;Microbial C;kg C ha-1;0 - 15 cm;218.5606766;2200.556907
8908;04.08.2019;DP;Microbial C;kg C ha-1;0 - 15 cm;169.7340164;2200.556907
8796;14.04.2019;GN;Microbial C;kg C ha-1;0 - 15 cm;130.3105712;2200.556907
8810;28.04.2019;GN;Microbial C;kg C ha-1;0 - 15 cm;245.6962665;2200.556907
8824;12.05.2019;GN;Microbial C;kg C ha-1;0 - 15 cm;263.837114;2200.556907
8852;09.06.2019;GN;Microbial C;kg C ha-1;0 - 15 cm;317.4928282;2200.556907
8908;04.08.2019;GN;Microbial C;kg C ha-1;0 - 15 cm;321.6042174;2200.556907
9006;10.11.2019;GN;Microbial C;kg C ha-1;0 - 15 cm;93.24456095;2200.556907
8796;14.04.2019;RS;Microbial C;kg C ha-1;0 - 15 cm;175.3265401;2200.556907
8810;28.04.2019;RS;Microbial C;kg C ha-1;0 - 15 cm;173.540651;2200.556907
8824;12.05.2019;RS;Microbial C;kg C ha-1;0 - 15 cm;246.2558952;2200.556907
8852;09.06.2019;RS;Microbial C;kg C ha-1;0 - 15 cm;369.2184707;2200.556907
8908;04.08.2019;RS;Microbial C;kg C ha-1;0 - 15 cm;260.3311468;2200.556907
9006;10.11.2019;RS;Microbial C;kg C ha-1;0 - 15 cm;38.04190175;2200.556907
8796;14.04.2019;TM;Microbial C;kg C ha-1;0 - 15 cm;125.3781822;2200.556907
8810;28.04.2019;TM;Microbial C;kg C ha-1;0 - 15 cm;241.0990448;2200.556907
8824;12.05.2019;TM;Microbial C;kg C ha-1;0 - 15 cm;332.2484531;2200.556907
8852;09.06.2019;TM;Microbial C;kg C ha-1;0 - 15 cm;237.3261214;2200.556907
8908;04.08.2019;TM;Microbial C;kg C ha-1;0 - 15 cm;304.8308921;2200.556907
9006;10.11.2019;TM;Microbial C;kg C ha-1;0 - 15 cm;155.8445981;2200.556907
1;16.03.1995;CT;Microbial N;kg N ha-1;0 - 15 cm;7.656;113.0976959
28;12.04.1995;CT;Microbial N;kg N ha-1;0 - 15 cm;26.883;113.0976959
55;09.05.1995;CT;Microbial N;kg N ha-1;0 - 15 cm;32.4561475;113.0976959
111;04.07.1995;CT;Microbial N;kg N ha-1;0 - 15 cm;13.8153825;113.0976959
182;13.09.1995;CT;Microbial N;kg N ha-1;0 - 15 cm;18.9846325;113.0976959
362;11.03.1996;CT;Microbial N;kg N ha-1;0 - 15 cm;29.5433875;113.0976959
396;14.04.1996;CT;Microbial N;kg N ha-1;0 - 15 cm;67.4424;113.0976959
410;28.04.1996;CT;Microbial N;kg N ha-1;0 - 15 cm;57.101725;113.0976959
438;26.05.1996;CT;Microbial N;kg N ha-1;0 - 15 cm;95.739875;113.0976959
494;21.07.1996;CT;Microbial N;kg N ha-1;0 - 15 cm;98.60435;113.0976959
564;29.09.1996;CT;Microbial N;kg N ha-1;0 - 15 cm;15.473675;113.0976959
744;28.03.1997;CT;Microbial N;kg N ha-1;0 - 15 cm;47.34818712;113.0976959
773;26.04.1997;CT;Microbial N;kg N ha-1;0 - 15 cm;10.2460108;113.0976959
786;09.05.1997;CT;Microbial N;kg N ha-1;0 - 15 cm;36.50375;113.0976959
817;09.06.1997;CT;Microbial N;kg N ha-1;0 - 15 cm;56.99375875;113.0976959
873;04.08.1997;CT;Microbial N;kg N ha-1;0 - 15 cm;16.83455322;113.0976959
943;13.10.1997;CT;Microbial N;kg N ha-1;0 - 15 cm;18.13928901;113.0976959
1121;09.04.1998;CT;Microbial N;kg N ha-1;0 - 15 cm;28.50360699;113.0976959
1308;13.10.1998;CT;Microbial N;kg N ha-1;0 - 15 cm;30.19025003;113.0976959
1491;14.04.1999;CT;Microbial N;kg N ha-1;0 - 15 cm;55.0971;113.0976959
1519;12.05.1999;CT;Microbial N;kg N ha-1;0 - 15 cm;46.271675;113.0976959
1547;09.06.1999;CT;Microbial N;kg N ha-1;0 - 15 cm;24.12013325;113.0976959
1603;04.08.1999;CT;Microbial N;kg N ha-1;0 - 15 cm;47.68665811;113.0976959
1673;13.10.1999;CT;Microbial N;kg N ha-1;0 - 15 cm;23.32518804;113.0976959
1854;11.04.2000;CT;Microbial N;kg N ha-1;0 - 15 cm;46.364475;113.0976959
3323;19.04.2004;CT;Microbial N;kg N ha-1;0 - 15 cm;34.93775;113.0976959
3337;03.05.2004;CT;Microbial N;kg N ha-1;0 - 15 cm;29.17224884;113.0976959
3351;17.05.2004;CT;Microbial N;kg N ha-1;0 - 15 cm;26.07312614;113.0976959
3378;13.06.2004;CT;Microbial N;kg N ha-1;0 - 15 cm;17.77091058;113.0976959
3435;09.08.2004;CT;Microbial N;kg N ha-1;0 - 15 cm;45.50509205;113.0976959
3504;17.10.2004;CT;Microbial N;kg N ha-1;0 - 15 cm;17.53275874;113.0976959
3683;14.04.2005;CT;Microbial N;kg N ha-1;0 - 15 cm;35.95565;113.0976959
4414;15.04.2007;CT;Microbial N;kg N ha-1;0 - 15 cm;14.00404635;113.0976959
4421;22.04.2007;CT;Microbial N;kg N ha-1;0 - 15 cm;17.49083942;113.0976959
4428;29.04.2007;CT;Microbial N;kg N ha-1;0 - 15 cm;16.51934978;113.0976959
4442;13.05.2007;CT;Microbial N;kg N ha-1;0 - 15 cm;12.13345447;113.0976959
4470;10.06.2007;CT;Microbial N;kg N ha-1;0 - 15 cm;13.31568562;113.0976959
4526;05.08.2007;CT;Microbial N;kg N ha-1;0 - 15 cm;14.61426317;113.0976959
4595;13.10.2007;CT;Microbial N;kg N ha-1;0 - 15 cm;12.73549347;113.0976959
4776;11.04.2008;CT;Microbial N;kg N ha-1;0 - 15 cm;17.78986446;113.0976959
6240;14.04.2012;CT;Microbial N;kg N ha-1;0 - 15 cm;18.78475;113.0976959
6247;21.04.2012;CT;Microbial N;kg N ha-1;0 - 15 cm;31.755;113.0976959
6254;28.04.2012;CT;Microbial N;kg N ha-1;0 - 15 cm;11.542;113.0976959
6268;12.05.2012;CT;Microbial N;kg N ha-1;0 - 15 cm;20.3145;113.0976959
6296;09.06.2012;CT;Microbial N;kg N ha-1;0 - 15 cm;37.30125;113.0976959
6352;04.08.2012;CT;Microbial N;kg N ha-1;0 - 15 cm;30.48847398;113.0976959
1;16.03.1995;DP;Microbial N;kg N ha-1;0 - 15 cm;7.656;113.0976959
28;12.04.1995;DP;Microbial N;kg N ha-1;0 - 15 cm;25.77375;113.0976959
55;09.05.1995;DP;Microbial N;kg N ha-1;0 - 15 cm;49.34611;113.0976959
111;04.07.1995;DP;Microbial N;kg N ha-1;0 - 15 cm;11.4869725;113.0976959
182;13.09.1995;DP;Microbial N;kg N ha-1;0 - 15 cm;24.502245;113.0976959
362;11.03.1996;DP;Microbial N;kg N ha-1;0 - 15 cm;32.125765;113.0976959
396;14.04.1996;DP;Microbial N;kg N ha-1;0 - 15 cm;23.864825;113.0976959
410;28.04.1996;DP;Microbial N;kg N ha-1;0 - 15 cm;41.55265;113.0976959
438;26.05.1996;DP;Microbial N;kg N ha-1;0 - 15 cm;73.678125;113.0976959
494;21.07.1996;DP;Microbial N;kg N ha-1;0 - 15 cm;92.69995;113.0976959
564;29.09.1996;DP;Microbial N;kg N ha-1;0 - 15 cm;20.0593;113.0976959
786;09.05.1997;DP;Microbial N;kg N ha-1;0 - 15 cm;22.88535;113.0976959
817;09.06.1997;DP;Microbial N;kg N ha-1;0 - 15 cm;45.2369427;113.0976959
873;04.08.1997;DP;Microbial N;kg N ha-1;0 - 15 cm;61.59524186;113.0976959
943;13.10.1997;DP;Microbial N;kg N ha-1;0 - 15 cm;28.98914421;113.0976959
1121;09.04.1998;DP;Microbial N;kg N ha-1;0 - 15 cm;33.05160137;113.0976959
1308;13.10.1998;DP;Microbial N;kg N ha-1;0 - 15 cm;48.09423441;113.0976959
1491;14.04.1999;DP;Microbial N;kg N ha-1;0 - 15 cm;66.71595;113.0976959
1519;12.05.1999;DP;Microbial N;kg N ha-1;0 - 15 cm;75.4;113.0976959
1547;09.06.1999;DP;Microbial N;kg N ha-1;0 - 15 cm;74.80434745;113.0976959
1603;04.08.1999;DP;Microbial N;kg N ha-1;0 - 15 cm;47.94320793;113.0976959
1673;13.10.1999;DP;Microbial N;kg N ha-1;0 - 15 cm;36.20321528;113.0976959
1854;11.04.2000;DP;Microbial N;kg N ha-1;0 - 15 cm;75.287625;113.0976959
3323;19.04.2004;DP;Microbial N;kg N ha-1;0 - 15 cm;63.004675;113.0976959
3337;03.05.2004;DP;Microbial N;kg N ha-1;0 - 15 cm;16.96216119;113.0976959
3351;17.05.2004;DP;Microbial N;kg N ha-1;0 - 15 cm;49.01279946;113.0976959
3378;13.06.2004;DP;Microbial N;kg N ha-1;0 - 15 cm;38.25331754;113.0976959
3435;09.08.2004;DP;Microbial N;kg N ha-1;0 - 15 cm;68.73348326;113.0976959
3504;17.10.2004;DP;Microbial N;kg N ha-1;0 - 15 cm;15.79009219;113.0976959
3683;14.04.2005;DP;Microbial N;kg N ha-1;0 - 15 cm;35.851975;113.0976959
4414;15.04.2007;DP;Microbial N;kg N ha-1;0 - 15 cm;37.58800626;113.0976959
4421;22.04.2007;DP;Microbial N;kg N ha-1;0 - 15 cm;43.77903162;113.0976959
4428;29.04.2007;DP;Microbial N;kg N ha-1;0 - 15 cm;47.50786964;113.0976959
4442;13.05.2007;DP;Microbial N;kg N ha-1;0 - 15 cm;34.95624797;113.0976959
4470;10.06.2007;DP;Microbial N;kg N ha-1;0 - 15 cm;46.74767973;113.0976959
4526;05.08.2007;DP;Microbial N;kg N ha-1;0 - 15 cm;37.81380249;113.0976959
4595;13.10.2007;DP;Microbial N;kg N ha-1;0 - 15 cm;36.21833911;113.0976959
4776;11.04.2008;DP;Microbial N;kg N ha-1;0 - 15 cm;42.5768269;113.0976959
6240;14.04.2012;DP;Microbial N;kg N ha-1;0 - 15 cm;63.307;113.0976959
6247;21.04.2012;DP;Microbial N;kg N ha-1;0 - 15 cm;51.185;113.0976959
6254;28.04.2012;DP;Microbial N;kg N ha-1;0 - 15 cm;48.98825;113.0976959
6268;12.05.2012;DP;Microbial N;kg N ha-1;0 - 15 cm;51.75775;113.0976959
6296;09.06.2012;DP;Microbial N;kg N ha-1;0 - 15 cm;58.12325;113.0976959
6352;04.08.2012;DP;Microbial N;kg N ha-1;0 - 15 cm;69.21002708;113.0976959
6422;13.10.2012;DP;Microbial N;kg N ha-1;0 - 15 cm;27.956;113.0976959
6513;12.01.2013;DP;Microbial N;kg N ha-1;0 - 15 cm;23.44340825;113.0976959
6602;11.04.2013;DP;Microbial N;kg N ha-1;0 - 15 cm;11.0550455;113.0976959
1;16.03.1995;GN;Microbial N;kg N ha-1;0 - 15 cm;7.656;113.0976959
14;29.03.1995;GN;Microbial N;kg N ha-1;0 - 15 cm;5.0518;113.0976959
28;12.04.1995;GN;Microbial N;kg N ha-1;0 - 15 cm;39.82425;113.0976959
55;09.05.1995;GN;Microbial N;kg N ha-1;0 - 15 cm;57.7315325;113.0976959
111;04.07.1995;GN;Microbial N;kg N ha-1;0 - 15 cm;21.72883;113.0976959
182;13.09.1995;GN;Microbial N;kg N ha-1;0 - 15 cm;30.1996575;113.0976959
362;11.03.1996;GN;Microbial N;kg N ha-1;0 - 15 cm;46.734515;113.0976959
396;14.04.1996;GN;Microbial N;kg N ha-1;0 - 15 cm;76.333075;113.0976959
410;28.04.1996;GN;Microbial N;kg N ha-1;0 - 15 cm;67.714275;113.0976959
438;26.05.1996;GN;Microbial N;kg N ha-1;0 - 15 cm;98.7305;113.0976959
494;21.07.1996;GN;Microbial N;kg N ha-1;0 - 15 cm;80.85055;113.0976959
564;29.09.1996;GN;Microbial N;kg N ha-1;0 - 15 cm;20.168775;113.0976959
744;28.03.1997;GN;Microbial N;kg N ha-1;0 - 15 cm;46.39469151;113.0976959
773;26.04.1997;GN;Microbial N;kg N ha-1;0 - 15 cm;25.66983637;113.0976959
817;09.06.1997;GN;Microbial N;kg N ha-1;0 - 15 cm;97.29905933;113.0976959
873;04.08.1997;GN;Microbial N;kg N ha-1;0 - 15 cm;75.89399012;113.0976959
943;13.10.1997;GN;Microbial N;kg N ha-1;0 - 15 cm;40.94235547;113.0976959
1121;09.04.1998;GN;Microbial N;kg N ha-1;0 - 15 cm;34.41764198;113.0976959
1308;13.10.1998;GN;Microbial N;kg N ha-1;0 - 15 cm;39.12488867;113.0976959
1491;14.04.1999;GN;Microbial N;kg N ha-1;0 - 15 cm;74.5774875;113.0976959
1519;12.05.1999;GN;Microbial N;kg N ha-1;0 - 15 cm;98.7392;113.0976959
1547;09.06.1999;GN;Microbial N;kg N ha-1;0 - 15 cm;76.63463797;113.0976959
1603;04.08.1999;GN;Microbial N;kg N ha-1;0 - 15 cm;36.65891552;113.0976959
1673;13.10.1999;GN;Microbial N;kg N ha-1;0 - 15 cm;38.48842014;113.0976959
1854;11.04.2000;GN;Microbial N;kg N ha-1;0 - 15 cm;97.1993;113.0976959
3323;19.04.2004;GN;Microbial N;kg N ha-1;0 - 15 cm;52.16955;113.0976959
3337;03.05.2004;GN;Microbial N;kg N ha-1;0 - 15 cm;55.73891249;113.0976959
3351;17.05.2004;GN;Microbial N;kg N ha-1;0 - 15 cm;78.60363348;113.0976959
3378;13.06.2004;GN;Microbial N;kg N ha-1;0 - 15 cm;75.91844634;113.0976959
3435;09.08.2004;GN;Microbial N;kg N ha-1;0 - 15 cm;82.77022878;113.0976959
3504;17.10.2004;GN;Microbial N;kg N ha-1;0 - 15 cm;19.08803773;113.0976959
3683;14.04.2005;GN;Microbial N;kg N ha-1;0 - 15 cm;36.184025;113.0976959
4414;15.04.2007;GN;Microbial N;kg N ha-1;0 - 15 cm;34.02766614;113.0976959
4421;22.04.2007;GN;Microbial N;kg N ha-1;0 - 15 cm;93.51807877;113.0976959
4428;29.04.2007;GN;Microbial N;kg N ha-1;0 - 15 cm;106.0508872;113.0976959
4442;13.05.2007;GN;Microbial N;kg N ha-1;0 - 15 cm;73.71417853;113.0976959
4470;10.06.2007;GN;Microbial N;kg N ha-1;0 - 15 cm;68.89744609;113.0976959
4526;05.08.2007;GN;Microbial N;kg N ha-1;0 - 15 cm;61.83116227;113.0976959
4595;13.10.2007;GN;Microbial N;kg N ha-1;0 - 15 cm;36.10425649;113.0976959
4776;11.04.2008;GN;Microbial N;kg N ha-1;0 - 15 cm;58.10581749;113.0976959
6240;14.04.2012;GN;Microbial N;kg N ha-1;0 - 15 cm;91.9155;113.0976959
6247;21.04.2012;GN;Microbial N;kg N ha-1;0 - 15 cm;132.7475;113.0976959
6254;28.04.2012;GN;Microbial N;kg N ha-1;0 - 15 cm;114.02075;113.0976959
6268;12.05.2012;GN;Microbial N;kg N ha-1;0 - 15 cm;107.23475;113.0976959
6296;09.06.2012;GN;Microbial N;kg N ha-1;0 - 15 cm;68.5415;113.0976959
6352;04.08.2012;GN;Microbial N;kg N ha-1;0 - 15 cm;98.00332227;113.0976959
6422;13.10.2012;GN;Microbial N;kg N ha-1;0 - 15 cm;57.9855;113.0976959
6513;12.01.2013;GN;Microbial N;kg N ha-1;0 - 15 cm;21.65426013;113.0976959
6602;11.04.2013;GN;Microbial N;kg N ha-1;0 - 15 cm;25.3019254;113.0976959
1;16.03.1995;RS;Microbial N;kg N ha-1;0 - 15 cm;7.656;113.0976959
14;29.03.1995;RS;Microbial N;kg N ha-1;0 - 15 cm;5.9856;113.0976959
28;12.04.1995;RS;Microbial N;kg N ha-1;0 - 15 cm;31.436;113.0976959
55;09.05.1995;RS;Microbial N;kg N ha-1;0 - 15 cm;56.62801;113.0976959
111;04.07.1995;RS;Microbial N;kg N ha-1;0 - 15 cm;24.43482;113.0976959
182;13.09.1995;RS;Microbial N;kg N ha-1;0 - 15 cm;23.4841275;113.0976959
362;11.03.1996;RS;Microbial N;kg N ha-1;0 - 15 cm;36.683695;113.0976959
396;14.04.1996;RS;Microbial N;kg N ha-1;0 - 15 cm;65.337;113.0976959
410;28.04.1996;RS;Microbial N;kg N ha-1;0 - 15 cm;58.40165;113.0976959
438;26.05.1996;RS;Microbial N;kg N ha-1;0 - 15 cm;110.068775;113.0976959
494;21.07.1996;RS;Microbial N;kg N ha-1;0 - 15 cm;107.261575;113.0976959
564;29.09.1996;RS;Microbial N;kg N ha-1;0 - 15 cm;31.583175;113.0976959
744;28.03.1997;RS;Microbial N;kg N ha-1;0 - 15 cm;8.056173279;113.0976959
773;26.04.1997;RS;Microbial N;kg N ha-1;0 - 15 cm;11.57265873;113.0976959
786;09.05.1997;RS;Microbial N;kg N ha-1;0 - 15 cm;27.698625;113.0976959
817;09.06.1997;RS;Microbial N;kg N ha-1;0 - 15 cm;72.3602895;113.0976959
873;04.08.1997;RS;Microbial N;kg N ha-1;0 - 15 cm;102.7854423;113.0976959
943;13.10.1997;RS;Microbial N;kg N ha-1;0 - 15 cm;19.71495859;113.0976959
1121;09.04.1998;RS;Microbial N;kg N ha-1;0 - 15 cm;20.89590464;113.0976959
1308;13.10.1998;RS;Microbial N;kg N ha-1;0 - 15 cm;96.52450847;113.0976959
1491;14.04.1999;RS;Microbial N;kg N ha-1;0 - 15 cm;57.84195;113.0976959
1519;12.05.1999;RS;Microbial N;kg N ha-1;0 - 15 cm;74.768525;113.0976959
1547;09.06.1999;RS;Microbial N;kg N ha-1;0 - 15 cm;62.34773014;113.0976959
1603;04.08.1999;RS;Microbial N;kg N ha-1;0 - 15 cm;86.61811275;113.0976959
1673;13.10.1999;RS;Microbial N;kg N ha-1;0 - 15 cm;32.34384613;113.0976959
1854;11.04.2000;RS;Microbial N;kg N ha-1;0 - 15 cm;82.9661;113.0976959
3323;19.04.2004;RS;Microbial N;kg N ha-1;0 - 15 cm;34.528125;113.0976959
3337;03.05.2004;RS;Microbial N;kg N ha-1;0 - 15 cm;25.06251304;113.0976959
3351;17.05.2004;RS;Microbial N;kg N ha-1;0 - 15 cm;75.70433151;113.0976959
3378;13.06.2004;RS;Microbial N;kg N ha-1;0 - 15 cm;67.88989538;113.0976959
3435;09.08.2004;RS;Microbial N;kg N ha-1;0 - 15 cm;71.14632734;113.0976959
3504;17.10.2004;RS;Microbial N;kg N ha-1;0 - 15 cm;24.19894038;113.0976959
3683;14.04.2005;RS;Microbial N;kg N ha-1;0 - 15 cm;31.612175;113.0976959
4414;15.04.2007;RS;Microbial N;kg N ha-1;0 - 15 cm;30.85018771;113.0976959
4421;22.04.2007;RS;Microbial N;kg N ha-1;0 - 15 cm;55.28616468;113.0976959
4428;29.04.2007;RS;Microbial N;kg N ha-1;0 - 15 cm;67.86328531;113.0976959
4442;13.05.2007;RS;Microbial N;kg N ha-1;0 - 15 cm;50.31363308;113.0976959
4470;10.06.2007;RS;Microbial N;kg N ha-1;0 - 15 cm;56.97787337;113.0976959
4526;05.08.2007;RS;Microbial N;kg N ha-1;0 - 15 cm;53.70370646;113.0976959
4595;13.10.2007;RS;Microbial N;kg N ha-1;0 - 15 cm;40.00587574;113.0976959
4776;11.04.2008;RS;Microbial N;kg N ha-1;0 - 15 cm;49.19488773;113.0976959
6240;14.04.2012;RS;Microbial N;kg N ha-1;0 - 15 cm;45.24;113.0976959
6247;21.04.2012;RS;Microbial N;kg N ha-1;0 - 15 cm;66.57675;113.0976959
6254;28.04.2012;RS;Microbial N;kg N ha-1;0 - 15 cm;68.38925;113.0976959
6268;12.05.2012;RS;Microbial N;kg N ha-1;0 - 15 cm;82.32375;113.0976959
6296;09.06.2012;RS;Microbial N;kg N ha-1;0 - 15 cm;67.5149;113.0976959
6352;04.08.2012;RS;Microbial N;kg N ha-1;0 - 15 cm;70.5689218;113.0976959
6422;13.10.2012;RS;Microbial N;kg N ha-1;0 - 15 cm;20.91625;113.0976959
6513;12.01.2013;RS;Microbial N;kg N ha-1;0 - 15 cm;37.02727507;113.0976959
6602;11.04.2013;RS;Microbial N;kg N ha-1;0 - 15 cm;15.72685615;113.0976959
1;16.03.1995;TM;Microbial N;kg N ha-1;0 - 15 cm;7.656;113.0976959
28;12.04.1995;TM;Microbial N;kg N ha-1;0 - 15 cm;38.01465;113.0976959
55;09.05.1995;TM;Microbial N;kg N ha-1;0 - 15 cm;53.701765;113.0976959
111;04.07.1995;TM;Microbial N;kg N ha-1;0 - 15 cm;15.6088875;113.0976959
182;13.09.1995;TM;Microbial N;kg N ha-1;0 - 15 cm;27.2779075;113.0976959
362;11.03.1996;TM;Microbial N;kg N ha-1;0 - 15 cm;40.5651275;113.0976959
396;14.04.1996;TM;Microbial N;kg N ha-1;0 - 15 cm;55.16525;113.0976959
410;28.04.1996;TM;Microbial N;kg N ha-1;0 - 15 cm;60.849975;113.0976959
438;26.05.1996;TM;Microbial N;kg N ha-1;0 - 15 cm;139.866275;113.0976959
494;21.07.1996;TM;Microbial N;kg N ha-1;0 - 15 cm;87.276225;113.0976959
564;29.09.1996;TM;Microbial N;kg N ha-1;0 - 15 cm;17.289075;113.0976959
744;28.03.1997;TM;Microbial N;kg N ha-1;0 - 15 cm;15.50631019;113.0976959
773;26.04.1997;TM;Microbial N;kg N ha-1;0 - 15 cm;5.251998908;113.0976959
786;09.05.1997;TM;Microbial N;kg N ha-1;0 - 15 cm;13.575625;113.0976959
817;09.06.1997;TM;Microbial N;kg N ha-1;0 - 15 cm;80.52271825;113.0976959
873;04.08.1997;TM;Microbial N;kg N ha-1;0 - 15 cm;64.28242724;113.0976959
943;13.10.1997;TM;Microbial N;kg N ha-1;0 - 15 cm;28.14735892;113.0976959
1121;09.04.1998;TM;Microbial N;kg N ha-1;0 - 15 cm;37.18953226;113.0976959
1308;13.10.1998;TM;Microbial N;kg N ha-1;0 - 15 cm;49.40648829;113.0976959
1491;14.04.1999;TM;Microbial N;kg N ha-1;0 - 15 cm;79.9540875;113.0976959
1519;12.05.1999;TM;Microbial N;kg N ha-1;0 - 15 cm;89.5694;113.0976959
1547;09.06.1999;TM;Microbial N;kg N ha-1;0 - 15 cm;92.01652486;113.0976959
1603;04.08.1999;TM;Microbial N;kg N ha-1;0 - 15 cm;65.53404539;113.0976959
1673;13.10.1999;TM;Microbial N;kg N ha-1;0 - 15 cm;46.56208027;113.0976959
1854;11.04.2000;TM;Microbial N;kg N ha-1;0 - 15 cm;125.229975;113.0976959
3323;19.04.2004;TM;Microbial N;kg N ha-1;0 - 15 cm;59.34995;113.0976959
3337;03.05.2004;TM;Microbial N;kg N ha-1;0 - 15 cm;31.31094287;113.0976959
3351;17.05.2004;TM;Microbial N;kg N ha-1;0 - 15 cm;89.30516766;113.0976959
3378;13.06.2004;TM;Microbial N;kg N ha-1;0 - 15 cm;49.80703629;113.0976959
3435;09.08.2004;TM;Microbial N;kg N ha-1;0 - 15 cm;84.27044852;113.0976959
3504;17.10.2004;TM;Microbial N;kg N ha-1;0 - 15 cm;26.77772413;113.0976959
3683;14.04.2005;TM;Microbial N;kg N ha-1;0 - 15 cm;33.317375;113.0976959
4414;15.04.2007;TM;Microbial N;kg N ha-1;0 - 15 cm;33.33534978;113.0976959
4421;22.04.2007;TM;Microbial N;kg N ha-1;0 - 15 cm;68.32653497;113.0976959
4428;29.04.2007;TM;Microbial N;kg N ha-1;0 - 15 cm;74.42568047;113.0976959
4442;13.05.2007;TM;Microbial N;kg N ha-1;0 - 15 cm;60.76521939;113.0976959
4470;10.06.2007;TM;Microbial N;kg N ha-1;0 - 15 cm;43.7528815;113.0976959
4526;05.08.2007;TM;Microbial N;kg N ha-1;0 - 15 cm;72.76042278;113.0976959
4595;13.10.2007;TM;Microbial N;kg N ha-1;0 - 15 cm;62.16095719;113.0976959
4776;11.04.2008;TM;Microbial N;kg N ha-1;0 - 15 cm;54.18711717;113.0976959
6240;14.04.2012;TM;Microbial N;kg N ha-1;0 - 15 cm;93.844;113.0976959
6247;21.04.2012;TM;Microbial N;kg N ha-1;0 - 15 cm;86.942;113.0976959
6254;28.04.2012;TM;Microbial N;kg N ha-1;0 - 15 cm;67.50475;113.0976959
6268;12.05.2012;TM;Microbial N;kg N ha-1;0 - 15 cm;99.228575;113.0976959
6296;09.06.2012;TM;Microbial N;kg N ha-1;0 - 15 cm;62.87925;113.0976959
6352;04.08.2012;TM;Microbial N;kg N ha-1;0 - 15 cm;82.06052615;113.0976959
6422;13.10.2012;TM;Microbial N;kg N ha-1;0 - 15 cm;61.625;113.0976959
6513;12.01.2013;TM;Microbial N;kg N ha-1;0 - 15 cm;52.25040047;113.0976959
6602;11.04.2013;TM;Microbial N;kg N ha-1;0 - 15 cm;18.4556;113.0976959
8796;14.04.2019;CT;Microbial N;kg N ha-1;0 - 15 cm;18.5855988;113.0976959
8810;28.04.2019;CT;Microbial N;kg N ha-1;0 - 15 cm;15.02843842;113.0976959
8824;12.05.2019;CT;Microbial N;kg N ha-1;0 - 15 cm;28.68474115;113.0976959
8852;09.06.2019;CT;Microbial N;kg N ha-1;0 - 15 cm;21.97697918;113.0976959
8908;04.08.2019;CT;Microbial N;kg N ha-1;0 - 15 cm;27.01116646;113.0976959
9006;10.11.2019;CT;Microbial N;kg N ha-1;0 - 15 cm;13.75831463;113.0976959
8796;14.04.2019;DP;Microbial N;kg N ha-1;0 - 15 cm;17.93416938;113.0976959
8810;28.04.2019;DP;Microbial N;kg N ha-1;0 - 15 cm;29.05011036;113.0976959
8824;12.05.2019;DP;Microbial N;kg N ha-1;0 - 15 cm;53.5809804;113.0976959
8852;09.06.2019;DP;Microbial N;kg N ha-1;0 - 15 cm;34.3185833;113.0976959
8908;04.08.2019;DP;Microbial N;kg N ha-1;0 - 15 cm;38.81123325;113.0976959
9006;10.11.2019;DP;Microbial N;kg N ha-1;0 - 15 cm;12.94427465;113.0976959
8796;14.04.2019;GN;Microbial N;kg N ha-1;0 - 15 cm;17.93390157;113.0976959
8810;28.04.2019;GN;Microbial N;kg N ha-1;0 - 15 cm;85.62973283;113.0976959
8824;12.05.2019;GN;Microbial N;kg N ha-1;0 - 15 cm;102.9723048;113.0976959
8852;09.06.2019;GN;Microbial N;kg N ha-1;0 - 15 cm;63.3341111;113.0976959
8908;04.08.2019;GN;Microbial N;kg N ha-1;0 - 15 cm;93.67500813;113.0976959
9006;10.11.2019;GN;Microbial N;kg N ha-1;0 - 15 cm;17.76979088;113.0976959
8796;14.04.2019;RS;Microbial N;kg N ha-1;0 - 15 cm;17.12785705;113.0976959
8810;28.04.2019;RS;Microbial N;kg N ha-1;0 - 15 cm;53.95066599;113.0976959
8824;12.05.2019;RS;Microbial N;kg N ha-1;0 - 15 cm;72.64828946;113.0976959
8852;09.06.2019;RS;Microbial N;kg N ha-1;0 - 15 cm;54.52121944;113.0976959
8908;04.08.2019;RS;Microbial N;kg N ha-1;0 - 15 cm;50.43907438;113.0976959
9006;10.11.2019;RS;Microbial N;kg N ha-1;0 - 15 cm;16.94894697;113.0976959
8796;14.04.2019;TM;Microbial N;kg N ha-1;0 - 15 cm;19.76233976;113.0976959
8810;28.04.2019;TM;Microbial N;kg N ha-1;0 - 15 cm;59.30665546;113.0976959
8824;12.05.2019;TM;Microbial N;kg N ha-1;0 - 15 cm;102.0214708;113.0976959
8852;09.06.2019;TM;Microbial N;kg N ha-1;0 - 15 cm;49.85655225;113.0976959
8908;04.08.2019;TM;Microbial N;kg N ha-1;0 - 15 cm;64.41429533;113.0976959
9006;10.11.2019;TM;Microbial N;kg N ha-1;0 - 15 cm;12.7313667;113.0976959
1;16.03.1995;CT;SOC;kg C ha-1;0 - 15 cm;4524;128840.8778
375;24.03.1996;CT;SOC;kg C ha-1;0 - 15 cm;3675.75;128840.8778
755;08.04.1997;CT;SOC;kg C ha-1;0 - 15 cm;3697.5;128840.8778
1120;08.04.1998;CT;SOC;kg C ha-1;0 - 15 cm;3545.25;128840.8778
1488;11.04.1999;CT;SOC;kg C ha-1;0 - 15 cm;3327.75;128840.8778
1867;24.04.2000;CT;SOC;kg C ha-1;0 - 15 cm;3037.75;128840.8778
2219;11.04.2001;CT;SOC;kg C ha-1;0 - 15 cm;3617.75;128840.8778
2584;11.04.2002;CT;SOC;kg C ha-1;0 - 15 cm;3313.25;128840.8778
2949;11.04.2003;CT;SOC;kg C ha-1;0 - 15 cm;3559.75;128840.8778
3315;11.04.2004;CT;SOC;kg C ha-1;0 - 15 cm;3269.75;128840.8778
3680;11.04.2005;CT;SOC;kg C ha-1;0 - 15 cm;3327.75;128840.8778
4045;11.04.2006;CT;SOC;kg C ha-1;0 - 15 cm;3480;128840.8778
4410;11.04.2007;CT;SOC;kg C ha-1;0 - 15 cm;2493.14346;128840.8778
4776;11.04.2008;CT;SOC;kg C ha-1;0 - 15 cm;3045;128840.8778
5141;11.04.2009;CT;SOC;kg C ha-1;0 - 15 cm;3190;128840.8778
5506;11.04.2010;CT;SOC;kg C ha-1;0 - 15 cm;3970.1;128840.8778
5871;11.04.2011;CT;SOC;kg C ha-1;0 - 15 cm;2921.220981;128840.8778
6237;11.04.2012;CT;SOC;kg C ha-1;0 - 15 cm;3552.5;128840.8778
6602;11.04.2013;CT;SOC;kg C ha-1;0 - 15 cm;3357.8375;128840.8778
6967;11.04.2014;CT;SOC;kg C ha-1;0 - 15 cm;3582.95;128840.8778
7332;11.04.2015;CT;SOC;kg C ha-1;0 - 15 cm;3234.95;128840.8778
1;16.03.1995;DP;SOC;kg C ha-1;0 - 15 cm;4524;128840.8778
375;24.03.1996;DP;SOC;kg C ha-1;0 - 15 cm;4096.25;128840.8778
755;08.04.1997;DP;SOC;kg C ha-1;0 - 15 cm;4495;128840.8778
1120;08.04.1998;DP;SOC;kg C ha-1;0 - 15 cm;4567.5;128840.8778
1488;11.04.1999;DP;SOC;kg C ha-1;0 - 15 cm;5038.75;128840.8778
1867;24.04.2000;DP;SOC;kg C ha-1;0 - 15 cm;4444.25;128840.8778
2219;11.04.2001;DP;SOC;kg C ha-1;0 - 15 cm;5212.75;128840.8778
2584;11.04.2002;DP;SOC;kg C ha-1;0 - 15 cm;5082.25;128840.8778
2949;11.04.2003;DP;SOC;kg C ha-1;0 - 15 cm;5031.5;128840.8778
3315;11.04.2004;DP;SOC;kg C ha-1;0 - 15 cm;5531.75;128840.8778
3680;11.04.2005;DP;SOC;kg C ha-1;0 - 15 cm;6532.25;128840.8778
4045;11.04.2006;DP;SOC;kg C ha-1;0 - 15 cm;5437.5;128840.8778
4410;11.04.2007;DP;SOC;kg C ha-1;0 - 15 cm;6438.36478;128840.8778
4776;11.04.2008;DP;SOC;kg C ha-1;0 - 15 cm;5437.5;128840.8778
5141;11.04.2009;DP;SOC;kg C ha-1;0 - 15 cm;6090;128840.8778
5506;11.04.2010;DP;SOC;kg C ha-1;0 - 15 cm;6900.55;128840.8778
5871;11.04.2011;DP;SOC;kg C ha-1;0 - 15 cm;6256.637376;128840.8778
6237;11.04.2012;DP;SOC;kg C ha-1;0 - 15 cm;5399.4375;128840.8778
6602;11.04.2013;DP;SOC;kg C ha-1;0 - 15 cm;6808.475;128840.8778
6967;11.04.2014;DP;SOC;kg C ha-1;0 - 15 cm;4946.675;128840.8778
7332;11.04.2015;DP;SOC;kg C ha-1;0 - 15 cm;5414.3;128840.8778
1;16.03.1995;GN;SOC;kg C ha-1;0 - 15 cm;4524;128840.8778
375;24.03.1996;GN;SOC;kg C ha-1;0 - 15 cm;4973.5;128840.8778
755;08.04.1997;GN;SOC;kg C ha-1;0 - 15 cm;5220;128840.8778
1120;08.04.1998;GN;SOC;kg C ha-1;0 - 15 cm;5205.5;128840.8778
1488;11.04.1999;GN;SOC;kg C ha-1;0 - 15 cm;4777.75;128840.8778
1867;24.04.2000;GN;SOC;kg C ha-1;0 - 15 cm;4676.25;128840.8778
2219;11.04.2001;GN;SOC;kg C ha-1;0 - 15 cm;5299.75;128840.8778
2584;11.04.2002;GN;SOC;kg C ha-1;0 - 15 cm;5836.25;128840.8778
2949;11.04.2003;GN;SOC;kg C ha-1;0 - 15 cm;5698.5;128840.8778
3315;11.04.2004;GN;SOC;kg C ha-1;0 - 15 cm;5974;128840.8778
3680;11.04.2005;GN;SOC;kg C ha-1;0 - 15 cm;7184.75;128840.8778
4045;11.04.2006;GN;SOC;kg C ha-1;0 - 15 cm;6090;128840.8778
4410;11.04.2007;GN;SOC;kg C ha-1;0 - 15 cm;6515.822785;128840.8778
4776;11.04.2008;GN;SOC;kg C ha-1;0 - 15 cm;6525;128840.8778
5141;11.04.2009;GN;SOC;kg C ha-1;0 - 15 cm;5655;128840.8778
5506;11.04.2010;GN;SOC;kg C ha-1;0 - 15 cm;6920.125;128840.8778
5871;11.04.2011;GN;SOC;kg C ha-1;0 - 15 cm;6337.251347;128840.8778
6237;11.04.2012;GN;SOC;kg C ha-1;0 - 15 cm;6680.15;128840.8778
6602;11.04.2013;GN;SOC;kg C ha-1;0 - 15 cm;7641.1375;128840.8778
6967;11.04.2014;GN;SOC;kg C ha-1;0 - 15 cm;7592.925;128840.8778
7332;11.04.2015;GN;SOC;kg C ha-1;0 - 15 cm;7321.775;128840.8778
1;16.03.1995;RS;SOC;kg C ha-1;0 - 15 cm;4524;128840.8778
375;24.03.1996;RS;SOC;kg C ha-1;0 - 15 cm;3987.5;128840.8778
755;08.04.1997;RS;SOC;kg C ha-1;0 - 15 cm;4205;128840.8778
1120;08.04.1998;RS;SOC;kg C ha-1;0 - 15 cm;4477.021465;128840.8778
1488;11.04.1999;RS;SOC;kg C ha-1;0 - 15 cm;4299.25;128840.8778
1867;24.04.2000;RS;SOC;kg C ha-1;0 - 15 cm;3849.75;128840.8778
2219;11.04.2001;RS;SOC;kg C ha-1;0 - 15 cm;4328.25;128840.8778
2584;11.04.2002;RS;SOC;kg C ha-1;0 - 15 cm;4342.75;128840.8778
2949;11.04.2003;RS;SOC;kg C ha-1;0 - 15 cm;4219.5;128840.8778
3315;11.04.2004;RS;SOC;kg C ha-1;0 - 15 cm;4415.25;128840.8778
3680;11.04.2005;RS;SOC;kg C ha-1;0 - 15 cm;4937.25;128840.8778
4045;11.04.2006;RS;SOC;kg C ha-1;0 - 15 cm;4350;128840.8778
4410;11.04.2007;RS;SOC;kg C ha-1;0 - 15 cm;5026.666667;128840.8778
4776;11.04.2008;RS;SOC;kg C ha-1;0 - 15 cm;4422.5;128840.8778
5141;11.04.2009;RS;SOC;kg C ha-1;0 - 15 cm;4495;128840.8778
5506;11.04.2010;RS;SOC;kg C ha-1;0 - 15 cm;5106.175;128840.8778
5871;11.04.2011;RS;SOC;kg C ha-1;0 - 15 cm;4204.276856;128840.8778
6237;11.04.2012;RS;SOC;kg C ha-1;0 - 15 cm;4681.325;128840.8778
6602;11.04.2013;RS;SOC;kg C ha-1;0 - 15 cm;5056.875;128840.8778
6967;11.04.2014;RS;SOC;kg C ha-1;0 - 15 cm;5021.7125;128840.8778
7332;11.04.2015;RS;SOC;kg C ha-1;0 - 15 cm;4827.775;128840.8778
1;16.03.1995;TM;SOC;kg C ha-1;0 - 15 cm;4524;128840.8778
375;24.03.1996;TM;SOC;kg C ha-1;0 - 15 cm;4495;128840.8778
755;08.04.1997;TM;SOC;kg C ha-1;0 - 15 cm;5510;128840.8778
1120;08.04.1998;TM;SOC;kg C ha-1;0 - 15 cm;5473.75;128840.8778
1488;11.04.1999;TM;SOC;kg C ha-1;0 - 15 cm;6786;128840.8778
1867;24.04.2000;TM;SOC;kg C ha-1;0 - 15 cm;5756.5;128840.8778
2219;11.04.2001;TM;SOC;kg C ha-1;0 - 15 cm;6539.5;128840.8778
2584;11.04.2002;TM;SOC;kg C ha-1;0 - 15 cm;6126.25;128840.8778
2949;11.04.2003;TM;SOC;kg C ha-1;0 - 15 cm;6039.25;128840.8778
3315;11.04.2004;TM;SOC;kg C ha-1;0 - 15 cm;6351;128840.8778
3680;11.04.2005;TM;SOC;kg C ha-1;0 - 15 cm;7960.5;128840.8778
4045;11.04.2006;TM;SOC;kg C ha-1;0 - 15 cm;6452.5;128840.8778
4410;11.04.2007;TM;SOC;kg C ha-1;0 - 15 cm;7724.156118;128840.8778
4776;11.04.2008;TM;SOC;kg C ha-1;0 - 15 cm;8700;128840.8778
5141;11.04.2009;TM;SOC;kg C ha-1;0 - 15 cm;6887.5;128840.8778
5506;11.04.2010;TM;SOC;kg C ha-1;0 - 15 cm;7461.7;128840.8778
5871;11.04.2011;TM;SOC;kg C ha-1;0 - 15 cm;6816.820306;128840.8778
6237;11.04.2012;TM;SOC;kg C ha-1;0 - 15 cm;7037.9375;128840.8778
6602;11.04.2013;TM;SOC;kg C ha-1;0 - 15 cm;7121.3125;128840.8778
6967;11.04.2014;TM;SOC;kg C ha-1;0 - 15 cm;7027.425;128840.8778
7332;11.04.2015;TM;SOC;kg C ha-1;0 - 15 cm;7473.3;128840.8778
8796;14.04.2019;CT;SOC;kg C ha-1;0 - 15 cm;3855.317456;128840.8778
8810;28.04.2019;CT;SOC;kg C ha-1;0 - 15 cm;4200.258319;128840.8778
8824;12.05.2019;CT;SOC;kg C ha-1;0 - 15 cm;3842.0505;128840.8778
8852;09.06.2019;CT;SOC;kg C ha-1;0 - 15 cm;4399.262663;128840.8778
8908;04.08.2019;CT;SOC;kg C ha-1;0 - 15 cm;4213.525275;128840.8778
9006;10.11.2019;CT;SOC;kg C ha-1;0 - 15 cm;4120.656581;128840.8778
8796;14.04.2019;DP;SOC;kg C ha-1;0 - 15 cm;5115.6783;128840.8778
8810;28.04.2019;DP;SOC;kg C ha-1;0 - 15 cm;5765.759156;128840.8778
8824;12.05.2019;DP;SOC;kg C ha-1;0 - 15 cm;5646.35655;128840.8778
8852;09.06.2019;DP;SOC;kg C ha-1;0 - 15 cm;6163.767844;128840.8778
8908;04.08.2019;DP;SOC;kg C ha-1;0 - 15 cm;5314.682644;128840.8778
9006;10.11.2019;DP;SOC;kg C ha-1;0 - 15 cm;5659.623506;128840.8778
8796;14.04.2019;GN;SOC;kg C ha-1;0 - 15 cm;6110.700019;128840.8778
8810;28.04.2019;GN;SOC;kg C ha-1;0 - 15 cm;7291.459125;128840.8778
8824;12.05.2019;GN;SOC;kg C ha-1;0 - 15 cm;7079.187825;128840.8778
8852;09.06.2019;GN;SOC;kg C ha-1;0 - 15 cm;7225.124344;128840.8778
8908;04.08.2019;GN;SOC;kg C ha-1;0 - 15 cm;7079.187825;128840.8778
9006;10.11.2019;GN;SOC;kg C ha-1;0 - 15 cm;7371.060863;128840.8778
8796;14.04.2019;RS;SOC;kg C ha-1;0 - 15 cm;5009.54265;128840.8778
8810;28.04.2019;RS;SOC;kg C ha-1;0 - 15 cm;5434.08525;128840.8778
8824;12.05.2019;RS;SOC;kg C ha-1;0 - 15 cm;5354.483513;128840.8778
8852;09.06.2019;RS;SOC;kg C ha-1;0 - 15 cm;5434.08525;128840.8778
8908;04.08.2019;RS;SOC;kg C ha-1;0 - 15 cm;5646.35655;128840.8778
9006;10.11.2019;RS;SOC;kg C ha-1;0 - 15 cm;5540.2209;128840.8778
8796;14.04.2019;TM;SOC;kg C ha-1;0 - 15 cm;7410.861731;128840.8778
8810;28.04.2019;TM;SOC;kg C ha-1;0 - 15 cm;7782.336506;128840.8778
8824;12.05.2019;TM;SOC;kg C ha-1;0 - 15 cm;7981.34085;128840.8778
8852;09.06.2019;TM;SOC;kg C ha-1;0 - 15 cm;8392.616494;128840.8778
8908;04.08.2019;TM;SOC;kg C ha-1;0 - 15 cm;8220.146063;128840.8778
9006;10.11.2019;TM;SOC;kg C ha-1;0 - 15 cm;7915.006069;128840.8778
375;24.03.1996;CT;Soil N;kg N ha-1;0 - 15 cm;311.75;1682
755;08.04.1997;CT;Soil N;kg N ha-1;0 - 15 cm;377;1682
1120;08.04.1998;CT;Soil N;kg N ha-1;0 - 15 cm;195.75;1682
1488;11.04.1999;CT;Soil N;kg N ha-1;0 - 15 cm;181.25;1682
2219;11.04.2001;CT;Soil N;kg N ha-1;0 - 15 cm;398.75;1682
2584;11.04.2002;CT;Soil N;kg N ha-1;0 - 15 cm;123.25;1682
2949;11.04.2003;CT;Soil N;kg N ha-1;0 - 15 cm;232;1682
3315;11.04.2004;CT;Soil N;kg N ha-1;0 - 15 cm;152.25;1682
3680;11.04.2005;CT;Soil N;kg N ha-1;0 - 15 cm;250.85;1682
4045;11.04.2006;CT;Soil N;kg N ha-1;0 - 15 cm;449.5;1682
4776;11.04.2008;CT;Soil N;kg N ha-1;0 - 15 cm;287.1;1682
5141;11.04.2009;CT;Soil N;kg N ha-1;0 - 15 cm;332.775;1682
5506;11.04.2010;CT;Soil N;kg N ha-1;0 - 15 cm;195.75;1682
5871;11.04.2011;CT;Soil N;kg N ha-1;0 - 15 cm;427.75;1682
6237;11.04.2012;CT;Soil N;kg N ha-1;0 - 15 cm;104.4;1682
6602;11.04.2013;CT;Soil N;kg N ha-1;0 - 15 cm;236.35;1682
6967;11.04.2014;CT;Soil N;kg N ha-1;0 - 15 cm;128.325;1682
7332;11.04.2015;CT;Soil N;kg N ha-1;0 - 15 cm;312.475;1682
375;24.03.1996;DP;Soil N;kg N ha-1;0 - 15 cm;340.75;1682
755;08.04.1997;DP;Soil N;kg N ha-1;0 - 15 cm;398.75;1682
1120;08.04.1998;DP;Soil N;kg N ha-1;0 - 15 cm;268.25;1682
1488;11.04.1999;DP;Soil N;kg N ha-1;0 - 15 cm;253.75;1682
2219;11.04.2001;DP;Soil N;kg N ha-1;0 - 15 cm;464;1682
2584;11.04.2002;DP;Soil N;kg N ha-1;0 - 15 cm;224.75;1682
2949;11.04.2003;DP;Soil N;kg N ha-1;0 - 15 cm;275.5;1682
3315;11.04.2004;DP;Soil N;kg N ha-1;0 - 15 cm;256.65;1682
3680;11.04.2005;DP;Soil N;kg N ha-1;0 - 15 cm;434.275;1682
4045;11.04.2006;DP;Soil N;kg N ha-1;0 - 15 cm;435;1682
4776;11.04.2008;DP;Soil N;kg N ha-1;0 - 15 cm;261;1682
5141;11.04.2009;DP;Soil N;kg N ha-1;0 - 15 cm;352.35;1682
5506;11.04.2010;DP;Soil N;kg N ha-1;0 - 15 cm;398.025;1682
5871;11.04.2011;DP;Soil N;kg N ha-1;0 - 15 cm;449.5;1682
6237;11.04.2012;DP;Soil N;kg N ha-1;0 - 15 cm;358.875;1682
6602;11.04.2013;DP;Soil N;kg N ha-1;0 - 15 cm;703.975;1682
6967;11.04.2014;DP;Soil N;kg N ha-1;0 - 15 cm;353.8;1682
7332;11.04.2015;DP;Soil N;kg N ha-1;0 - 15 cm;419.775;1682
375;24.03.1996;GN;Soil N;kg N ha-1;0 - 15 cm;594.5;1682
755;08.04.1997;GN;Soil N;kg N ha-1;0 - 15 cm;507.5;1682
1120;08.04.1998;GN;Soil N;kg N ha-1;0 - 15 cm;290;1682
1488;11.04.1999;GN;Soil N;kg N ha-1;0 - 15 cm;369.75;1682
2219;11.04.2001;GN;Soil N;kg N ha-1;0 - 15 cm;565.5;1682
2584;11.04.2002;GN;Soil N;kg N ha-1;0 - 15 cm;326.25;1682
2949;11.04.2003;GN;Soil N;kg N ha-1;0 - 15 cm;384.25;1682
3315;11.04.2004;GN;Soil N;kg N ha-1;0 - 15 cm;363.225;1682
3680;11.04.2005;GN;Soil N;kg N ha-1;0 - 15 cm;604.65;1682
4045;11.04.2006;GN;Soil N;kg N ha-1;0 - 15 cm;659.75;1682
4776;11.04.2008;GN;Soil N;kg N ha-1;0 - 15 cm;384.975;1682
5141;11.04.2009;GN;Soil N;kg N ha-1;0 - 15 cm;495.9;1682
5506;11.04.2010;GN;Soil N;kg N ha-1;0 - 15 cm;476.325;1682
5871;11.04.2011;GN;Soil N;kg N ha-1;0 - 15 cm;732.25;1682
6237;11.04.2012;GN;Soil N;kg N ha-1;0 - 15 cm;528.525;1682
6602;11.04.2013;GN;Soil N;kg N ha-1;0 - 15 cm;710.5;1682
6967;11.04.2014;GN;Soil N;kg N ha-1;0 - 15 cm;495.9;1682
7332;11.04.2015;GN;Soil N;kg N ha-1;0 - 15 cm;713.4;1682
375;24.03.1996;RS;Soil N;kg N ha-1;0 - 15 cm;355.25;1682
755;08.04.1997;RS;Soil N;kg N ha-1;0 - 15 cm;391.5;1682
1120;08.04.1998;RS;Soil N;kg N ha-1;0 - 15 cm;224.75;1682
1488;11.04.1999;RS;Soil N;kg N ha-1;0 - 15 cm;340.75;1682
2219;11.04.2001;RS;Soil N;kg N ha-1;0 - 15 cm;427.75;1682
2584;11.04.2002;RS;Soil N;kg N ha-1;0 - 15 cm;217.5;1682
2949;11.04.2003;RS;Soil N;kg N ha-1;0 - 15 cm;253.75;1682
3315;11.04.2004;RS;Soil N;kg N ha-1;0 - 15 cm;221.125;1682
3680;11.04.2005;RS;Soil N;kg N ha-1;0 - 15 cm;363.225;1682
4045;11.04.2006;RS;Soil N;kg N ha-1;0 - 15 cm;435;1682
4776;11.04.2008;RS;Soil N;kg N ha-1;0 - 15 cm;228.375;1682
5141;11.04.2009;RS;Soil N;kg N ha-1;0 - 15 cm;411.075;1682
5506;11.04.2010;RS;Soil N;kg N ha-1;0 - 15 cm;221.85;1682
5871;11.04.2011;RS;Soil N;kg N ha-1;0 - 15 cm;456.75;1682
6237;11.04.2012;RS;Soil N;kg N ha-1;0 - 15 cm;378.45;1682
6602;11.04.2013;RS;Soil N;kg N ha-1;0 - 15 cm;347.6375;1682
6967;11.04.2014;RS;Soil N;kg N ha-1;0 - 15 cm;242.875;1682
7332;11.04.2015;RS;Soil N;kg N ha-1;0 - 15 cm;433.55;1682
375;24.03.1996;TM;Soil N;kg N ha-1;0 - 15 cm;420.5;1682
755;08.04.1997;TM;Soil N;kg N ha-1;0 - 15 cm;471.25;1682
1120;08.04.1998;TM;Soil N;kg N ha-1;0 - 15 cm;297.25;1682
1488;11.04.1999;TM;Soil N;kg N ha-1;0 - 15 cm;413.25;1682
2219;11.04.2001;TM;Soil N;kg N ha-1;0 - 15 cm;609;1682
2584;11.04.2002;TM;Soil N;kg N ha-1;0 - 15 cm;311.75;1682
2949;11.04.2003;TM;Soil N;kg N ha-1;0 - 15 cm;391.5;1682
3315;11.04.2004;TM;Soil N;kg N ha-1;0 - 15 cm;334.225;1682
3680;11.04.2005;TM;Soil N;kg N ha-1;0 - 15 cm;562.6;1682
4045;11.04.2006;TM;Soil N;kg N ha-1;0 - 15 cm;623.5;1682
4776;11.04.2008;TM;Soil N;kg N ha-1;0 - 15 cm;352.35;1682
5141;11.04.2009;TM;Soil N;kg N ha-1;0 - 15 cm;411.075;1682
5506;11.04.2010;TM;Soil N;kg N ha-1;0 - 15 cm;378.45;1682
5871;11.04.2011;TM;Soil N;kg N ha-1;0 - 15 cm;543.75;1682
6237;11.04.2012;TM;Soil N;kg N ha-1;0 - 15 cm;463.275;1682
6602;11.04.2013;TM;Soil N;kg N ha-1;0 - 15 cm;493;1682
6967;11.04.2014;TM;Soil N;kg N ha-1;0 - 15 cm;348.725;1682
7332;11.04.2015;TM;Soil N;kg N ha-1;0 - 15 cm;642.35;1682
8796;14.04.2019;CT;Soil N;kg N ha-1;0 - 15 cm;212.51635;1682
8810;28.04.2019;CT;Soil N;kg N ha-1;0 - 15 cm;229.411547;1682
8824;12.05.2019;CT;Soil N;kg N ha-1;0 - 15 cm;292.384554;1682
8852;09.06.2019;CT;Soil N;kg N ha-1;0 - 15 cm;341.534218;1682
8908;04.08.2019;CT;Soil N;kg N ha-1;0 - 15 cm;235.555255;1682
9006;10.11.2019;CT;Soil N;kg N ha-1;0 - 15 cm;229.411547;1682
8796;14.04.2019;DP;Soil N;kg N ha-1;0 - 15 cm;281.633065;1682
8810;28.04.2019;DP;Soil N;kg N ha-1;0 - 15 cm;281.633065;1682
8824;12.05.2019;DP;Soil N;kg N ha-1;0 - 15 cm;281.633065;1682
8852;09.06.2019;DP;Soil N;kg N ha-1;0 - 15 cm;555.028071;1682
8908;04.08.2019;DP;Soil N;kg N ha-1;0 - 15 cm;269.345649;1682
9006;10.11.2019;DP;Soil N;kg N ha-1;0 - 15 cm;289.3127;1682
8796;14.04.2019;GN;Soil N;kg N ha-1;0 - 15 cm;349.213853;1682
8810;28.04.2019;GN;Soil N;kg N ha-1;0 - 15 cm;413.722787;1682
8824;12.05.2019;GN;Soil N;kg N ha-1;0 - 15 cm;402.971298;1682
8852;09.06.2019;GN;Soil N;kg N ha-1;0 - 15 cm;610.321443;1682
8908;04.08.2019;GN;Soil N;kg N ha-1;0 - 15 cm;402.971298;1682
9006;10.11.2019;GN;Soil N;kg N ha-1;0 - 15 cm;418.330568;1682
8796;14.04.2019;RS;Soil N;kg N ha-1;0 - 15 cm;266.273795;1682
8810;28.04.2019;RS;Soil N;kg N ha-1;0 - 15 cm;296.992335;1682
8824;12.05.2019;RS;Soil N;kg N ha-1;0 - 15 cm;292.384554;1682
8852;09.06.2019;RS;Soil N;kg N ha-1;0 - 15 cm;467.480232;1682
8908;04.08.2019;RS;Soil N;kg N ha-1;0 - 15 cm;307.743824;1682
9006;10.11.2019;RS;Soil N;kg N ha-1;0 - 15 cm;295.456408;1682
8796;14.04.2019;TM;Soil N;kg N ha-1;0 - 15 cm;329.246802;1682
8810;28.04.2019;TM;Soil N;kg N ha-1;0 - 15 cm;372.252758;1682
8824;12.05.2019;TM;Soil N;kg N ha-1;0 - 15 cm;393.755736;1682
8852;09.06.2019;TM;Soil N;kg N ha-1;0 - 15 cm;642.57591;1682
8908;04.08.2019;TM;Soil N;kg N ha-1;0 - 15 cm;409.115006;1682
9006;10.11.2019;TM;Soil N;kg N ha-1;0 - 15 cm;301.600116;1682
8796;14.04.2019;CT;Aggregate C;kg C ha-1;0 - 15 cm;1860.844935;23309.09041
8810;28.04.2019;CT;Aggregate C;kg C ha-1;0 - 15 cm;2139.014445;23309.09041
8824;12.05.2019;CT;Aggregate C;kg C ha-1;0 - 15 cm;1988.722539;23309.09041
8852;09.06.2019;CT;Aggregate C;kg C ha-1;0 - 15 cm;2040.20912;23309.09041
8908;04.08.2019;CT;Aggregate C;kg C ha-1;0 - 15 cm;1986.986161;23309.09041
9006;10.11.2019;CT;Aggregate C;kg C ha-1;0 - 15 cm;1987.343243;23309.09041
8796;14.04.2019;DP;Aggregate C;kg C ha-1;0 - 15 cm;2358.13414;23309.09041
8810;28.04.2019;DP;Aggregate C;kg C ha-1;0 - 15 cm;3321.987561;23309.09041
8824;12.05.2019;DP;Aggregate C;kg C ha-1;0 - 15 cm;2547.569551;23309.09041
8852;09.06.2019;DP;Aggregate C;kg C ha-1;0 - 15 cm;2622.795666;23309.09041
8908;04.08.2019;DP;Aggregate C;kg C ha-1;0 - 15 cm;2328.96094;23309.09041
9006;10.11.2019;DP;Aggregate C;kg C ha-1;0 - 15 cm;2457.642076;23309.09041
8796;14.04.2019;GN;Aggregate C;kg C ha-1;0 - 15 cm;2792.780789;23309.09041
8810;28.04.2019;GN;Aggregate C;kg C ha-1;0 - 15 cm;3329.748785;23309.09041
8824;12.05.2019;GN;Aggregate C;kg C ha-1;0 - 15 cm;3059.214639;23309.09041
8852;09.06.2019;GN;Aggregate C;kg C ha-1;0 - 15 cm;3348.523672;23309.09041
8908;04.08.2019;GN;Aggregate C;kg C ha-1;0 - 15 cm;2968.470991;23309.09041
9006;10.11.2019;GN;Aggregate C;kg C ha-1;0 - 15 cm;3196.626111;23309.09041
8796;14.04.2019;RS;Aggregate C;kg C ha-1;0 - 15 cm;2648.433645;23309.09041
8810;28.04.2019;RS;Aggregate C;kg C ha-1;0 - 15 cm;3179.910091;23309.09041
8824;12.05.2019;RS;Aggregate C;kg C ha-1;0 - 15 cm;2880.938467;23309.09041
8852;09.06.2019;RS;Aggregate C;kg C ha-1;0 - 15 cm;2668.661751;23309.09041
8908;04.08.2019;RS;Aggregate C;kg C ha-1;0 - 15 cm;2534.667848;23309.09041
9006;10.11.2019;RS;Aggregate C;kg C ha-1;0 - 15 cm;2494.481384;23309.09041
8796;14.04.2019;TM;Aggregate C;kg C ha-1;0 - 15 cm;2810.074662;23309.09041
8810;28.04.2019;TM;Aggregate C;kg C ha-1;0 - 15 cm;3185.077146;23309.09041
8824;12.05.2019;TM;Aggregate C;kg C ha-1;0 - 15 cm;3509.827722;23309.09041
8852;09.06.2019;TM;Aggregate C;kg C ha-1;0 - 15 cm;3289.029066;23309.09041
8908;04.08.2019;TM;Aggregate C;kg C ha-1;0 - 15 cm;2901.368006;23309.09041
9006;10.11.2019;TM;Aggregate C;kg C ha-1;0 - 15 cm;3259.528651;23309.09041
8796;14.04.2019;CT;Free MOAC;kg C ha-1;0 - 15 cm;1944.230356;13746.05988
8810;28.04.2019;CT;Free MOAC;kg C ha-1;0 - 15 cm;1537.282775;13746.05988
8824;12.05.2019;CT;Free MOAC;kg C ha-1;0 - 15 cm;1819.621005;13746.05988
8852;09.06.2019;CT;Free MOAC;kg C ha-1;0 - 15 cm;1646.010282;13746.05988
8908;04.08.2019;CT;Free MOAC;kg C ha-1;0 - 15 cm;1583.290115;13746.05988
9006;10.11.2019;CT;Free MOAC;kg C ha-1;0 - 15 cm;1665.875536;13746.05988
8796;14.04.2019;DP;Free MOAC;kg C ha-1;0 - 15 cm;2208.607778;13746.05988
8810;28.04.2019;DP;Free MOAC;kg C ha-1;0 - 15 cm;2117.389453;13746.05988
8824;12.05.2019;DP;Free MOAC;kg C ha-1;0 - 15 cm;2226.72915;13746.05988
8852;09.06.2019;DP;Free MOAC;kg C ha-1;0 - 15 cm;2081.030351;13746.05988
8908;04.08.2019;DP;Free MOAC;kg C ha-1;0 - 15 cm;2390.139937;13746.05988
9006;10.11.2019;DP;Free MOAC;kg C ha-1;0 - 15 cm;2253.171767;13746.05988
8796;14.04.2019;GN;Free MOAC;kg C ha-1;0 - 15 cm;2427.128007;13746.05988
8810;28.04.2019;GN;Free MOAC;kg C ha-1;0 - 15 cm;2874.051476;13746.05988
8824;12.05.2019;GN;Free MOAC;kg C ha-1;0 - 15 cm;2683.57417;13746.05988
8852;09.06.2019;GN;Free MOAC;kg C ha-1;0 - 15 cm;2581.127874;13746.05988
8908;04.08.2019;GN;Free MOAC;kg C ha-1;0 - 15 cm;2508.811901;13746.05988
9006;10.11.2019;GN;Free MOAC;kg C ha-1;0 - 15 cm;2611.278587;13746.05988
8796;14.04.2019;RS;Free MOAC;kg C ha-1;0 - 15 cm;1806.619767;13746.05988
8810;28.04.2019;RS;Free MOAC;kg C ha-1;0 - 15 cm;1745.765837;13746.05988
8824;12.05.2019;RS;Free MOAC;kg C ha-1;0 - 15 cm;1937.799317;13746.05988
8852;09.06.2019;RS;Free MOAC;kg C ha-1;0 - 15 cm;1630.132094;13746.05988
8908;04.08.2019;RS;Free MOAC;kg C ha-1;0 - 15 cm;1952.249005;13746.05988
9006;10.11.2019;RS;Free MOAC;kg C ha-1;0 - 15 cm;2112.218758;13746.05988
8796;14.04.2019;TM;Free MOAC;kg C ha-1;0 - 15 cm;2586.474422;13746.05988
8810;28.04.2019;TM;Free MOAC;kg C ha-1;0 - 15 cm;2658.006815;13746.05988
8824;12.05.2019;TM;Free MOAC;kg C ha-1;0 - 15 cm;2675.123975;13746.05988
8852;09.06.2019;TM;Free MOAC;kg C ha-1;0 - 15 cm;2584.669246;13746.05988
8908;04.08.2019;TM;Free MOAC;kg C ha-1;0 - 15 cm;2835.075405;13746.05988
9006;10.11.2019;TM;Free MOAC;kg C ha-1;0 - 15 cm;2644.179674;13746.05988
4440;11.05.2007;RS;Litterbag C;kg C ha-1;0 - 15 cm;2679.1;16162
4447;18.05.2007;RS;Litterbag C;kg C ha-1;0 - 15 cm;2202;16162.68
4461;01.06.2007;RS;Litterbag C;kg C ha-1;0 - 15 cm;1541.4;16162.68
4489;29.06.2007;RS;Litterbag C;kg C ha-1;0 - 15 cm;660.6;16162.68
4545;24.08.2007;RS;Litterbag C;kg C ha-1;0 - 15 cm;256.9;16162.68
4615;02.11.2007;RS;Litterbag C;kg C ha-1;0 - 15 cm;110.1;16162.68
4799;04.05.2008;RS;Litterbag C;kg C ha-1;0 - 15 cm;36.7;16162.68
4440;11.05.2007;GN;Litterbag C;kg C ha-1;0 - 15 cm;1552;16162.68
4447;18.05.2007;GN;Litterbag C;kg C ha-1;0 - 15 cm;970;16162.68
4461;01.06.2007;GN;Litterbag C;kg C ha-1;0 - 15 cm;776;16162.68
4489;29.06.2007;GN;Litterbag C;kg C ha-1;0 - 15 cm;388;16162.68
4545;24.08.2007;GN;Litterbag C;kg C ha-1;0 - 15 cm;194;16162.68
4615;02.11.2007;GN;Litterbag C;kg C ha-1;0 - 15 cm;155.2;16162.68
4799;04.05.2008;GN;Litterbag C;kg C ha-1;0 - 15 cm;116.4;16162.68
4440;11.05.2007;DP;Litterbag C;kg C ha-1;0 - 15 cm;3759.9;16162.68
4447;18.05.2007;DP;Litterbag C;kg C ha-1;0 - 15 cm;3533.4;16162.68
4461;01.06.2007;DP;Litterbag C;kg C ha-1;0 - 15 cm;3216.3;16162.68
4489;29.06.2007;DP;Litterbag C;kg C ha-1;0 - 15 cm;3080.4;16162.68
4545;24.08.2007;DP;Litterbag C;kg C ha-1;0 - 15 cm;2944.5;16162.68
4615;02.11.2007;DP;Litterbag C;kg C ha-1;0 - 15 cm;2627.4;16162.68
4799;04.05.2008;DP;Litterbag C;kg C ha-1;0 - 15 cm;1721.4;16162.68
4440;11.05.2007;TM;Litterbag C;kg C ha-1;0 - 15 cm;2989;16162.68
4447;18.05.2007;TM;Litterbag C;kg C ha-1;0 - 15 cm;2690.1;16162.68
4461;01.06.2007;TM;Litterbag C;kg C ha-1;0 - 15 cm;2348.5;16162.68
4489;29.06.2007;TM;Litterbag C;kg C ha-1;0 - 15 cm;1622.6;16162.68
4545;24.08.2007;TM;Litterbag C;kg C ha-1;0 - 15 cm;1024.8;16162.68
4615;02.11.2007;TM;Litterbag C;kg C ha-1;0 - 15 cm;896.7;16162.68
4799;04.05.2008;TM;Litterbag C;kg C ha-1;0 - 15 cm;427;16162.68
